code	assign1	assign2	assign3	assign4	assign5	assign6	assign7	assign8	assign9	section	explore	weekly0%	midterm	final	total	grade
22	9	16	20	17	17	18	19	8	19	20	0	92.60%	88	83	87.85	3.3
557	9	15	17	17	17	17	19	9	14	20	0	87.50%	73	67	76.4	2.3
559	9	14	19	16	11	12	15	8	15	20	0	79.00%	94	98	89.59	3.4
564	8	0	0	0	11	11	11	6	11	3	0	34.70%	67	53	48.46	0
593	10	16	15	18	20	20	18	9	19	20	2.67	95.30%	87	80	87.51	3.2
684	10	15	20	17	19	18	17	8	15	20	0	90.30%	80	69	79.74	2.6
715	9	14	19	18	17	13	19	7	16	20	0	86.40%	99	92	91.15	3.5
719	7	15	15	19	18	18	18	8	14	20	2.67	87.90%	91	87	88.15	3.3
789	10	15	20	19	18	13	0	0	0	20	0	65.30%	88	0	43.74	0
820	10	16	20	18	18	18	18	10	15	20	0	92.60%	74	68	79.05	2.5
887	10	14	17	17	17	17	19	7	16	20	0	87.50%	74	71	78.2	2.4
917	9	16	20	19	19	20	17	9	20	20	1	96.60%	92	91	93.44	3.7
1009	10	15	18	18	20	20	19	9	21	20	0	96.60%	91	82	89.64	3.4
1019	10	16	20	18	19	19	18	8	19	20	0.33	95.10%	95	86	91.43	3.6
1143	8	16	15	18	15	0	0	0	0	18	0	51.10%	79	48	55.45	0
1202	10	16	20	16	17	13	11	7	15	20	3	84.10%	83	66	76.64	2.3
1431	9	16	19	18	17	17	19	7	15	20	0	89.20%	84	84	86.08	3.1
1462	10	15	20	18	18	19	0	8	15	20	0	81.30%	79	0	48.3	0
1490	8	15	19	17	16	15	18	9	18	20	1.33	88.80%	89	77	84.13	2.9
1494	9	16	20	20	19	20	19	9	19	20	3	98.90%	71	88	88.95	3.4
1615	8	12	19	17	16	0	0	0	0	6	0	44.30%	53	0	28.33	0
1632	8	13	17	16	10	5	14	5	16	20	0	70.50%	68	41	58.18	0.7
1644	9	14	18	19	13	5	14	9	11	20	0	75.00%	84	71	75.2	2.2
1645	8	15	13	15	16	16	17	7	16	20	0	81.30%	92	79	82.5	2.8
1651	9	16	20	17	18	20	19	10	15	20	2.33	94.50%	96	89	92.6	3.7
1677	9	15	20	17	17	19	19	10	20	20	3	96.00%	96	93	94.81	3.8
1681	10	16	17	14	17	17	18	9	16	20	0	87.50%	90	100	93	3.7
1712	8	16	20	20	20	20	19	10	20	20	3	100.00%	98	92	96.4	3.9
1779	8	14	20	16	18	19	17	7	16	20	0.33	88.30%	83	87	86.7	3.2
1841	10	14	13	17	15	17	18	9	16	20	0	84.70%	82	51	70.66	1.8
1841	8	14	19	16	18	16	17	9	15	20	0	86.40%	82	67	77.75	2.4
1911	6	13	18	19	14	18	18	8	20	18	0	86.40%	88	83	85.35	3
1973	8	15	20	17	15	17	17	9	14	20	0	86.40%	76	73	78.95	2.5
2000	9	12	14	14	8	8	0	4	11	20	0.33	57.00%	56	45	52	0
2061	10	16	20	20	16	17	20	9	16	20	0	93.20%	95	96	94.67	3.8
2191	10	15	19	16	17	0	0	0	0	20	0	55.10%	87	53	60.65	0.9
2283	8	15	19	15	19	14	0	5	17	20	0	75.00%	57	45	59.4	0.8
2480	8	14	18	17	13	16	13	10	12	20	0	80.10%	86	58	72.45	1.9
2511	10	15	20	16	17	18	19	8	12	20	1.33	88.80%	88	78	84.33	3
2515	10	16	20	20	16	19	18	9	15	20	0.33	92.80%	79	59	76.52	2.3
2549	10	16	19	17	15	15	18	8	18	20	0	88.60%	87	90	88.85	3.4
2556	8	15	17	12	10	9	11	6	15	18	0	68.80%	70	54	63.1	1.1
2573	9	16	20	18	18	18	18	9	17	20	0.33	92.80%	90	83	88.32	3.3
2642	7	16	15	0	15	13	15	7	0	20	0	61.40%	75	66	65.95	1.4
2670	9	16	20	18	17	17	18	8	14	20	0.33	89.40%	89	73	82.76	2.8
2673	9	15	18	17	16	15	17	10	18	20	0	88.10%	95	85	88.23	3.3
2739	10	16	20	19	20	20	20	10	20	20	1	100.00%	78	85	89.6	3.4
2740	9	15	20	18	19	16	18	9	19	20	0	92.60%	89	81	87.25	3.2
2867	10	16	20	19	20	20	20	8	17	20	0.33	96.80%	101	100	98.91	4
2935	9	14	19	17	15	15	15	9	17	20	0	85.20%	52	32	57.29	0
2962	9	14	13	13	16	16	15	8	15	20	0	79.00%	89	80	81.39	2.7
3064	9	16	20	17	18	20	19	9	18	20	0	94.30%	85	73	83.93	2.9
3188	9	16	19	18	17	17	20	8	14	20	0	89.80%	98	87	90.31	3.5
3312	9	11	16	10	3	3	0	1	1	20	0	42.00%	45	18	33.02	0
3356	9	15	19	15	11	0	0	0	0	20	0	50.60%	45	4	30.83	0
3385	8	16	19	17	18	16	16	9	14	20	2.33	88.30%	86	87	87.3	3.2
3571	9	15	19	19	16	13	16	7	16	20	0	85.20%	79	56	72.29	1.9
3771	10	16	17	18	20	17	19	10	14	20	0	91.50%	93	80	87.19	3.2
3829	7	15	19	16	16	14	16	9	17	20	0	84.70%	98	84	87.06	3.2
3989	10	15	19	18	17	20	17	7	18	20	0	91.50%	98	86	90.59	3.5
4079	10	16	18	0	15	17	0	8	18	20	0	69.30%	74	65	68.53	1.6
4148	9	16	20	19	20	19	19	8	20	20	0	96.60%	95	94	95.24	3.9
4269	10	16	20	20	20	18	20	7	15	20	3	96.00%	85	79	87.01	3.2
4374	9	15	16	0	16	14	13	6	18	20	0	72.20%	92	88	82.46	2.8
4376	10	14	20	18	19	18	18	7	20	20	1.33	93.90%	88	88	90.38	3.5
4562	8	15	20	20	19	20	17	9	17	18	0.33	92.80%	76	77	83.12	2.9
4588	10	16	18	17	20	18	19	8	18	20	1	93.80%	92	97	94.7	3.8
4764	10	16	20	19	17	20	20	7	20	20	0.33	96.20%	92	89	92.48	3.7
4818	9	16	20	19	18	16	18	9	18	20	0	92.60%	86	86	88.65	3.3
5044	9	16	20	20	19	19	20	10	19	20	0	97.70%	94	84	91.49	3.6
5201	10	15	20	17	18	17	18	9	20	20	0	93.20%	85	87	89.07	3.4
5274	9	16	18	16	15	16	15	8	15	20	0.33	84.30%	86	65	76.91	2.3
5277	9	16	20	19	17	20	20	10	18	20	0	96.00%	97	94	95.41	3.9
5331	9	15	15	15	15	17	16	9	0	20	0	74.40%	80	0	45.77	0
5338	5	13	0	16	0	14	17	7	15	20	0	60.80%	89	87	76.92	2.3
5367	7	16	20	18	18	18	19	9	19	20	3	94.90%	98	78	88.75	3.3
5460	8	14	19	17	12	16	0	8	16	20	0	73.90%	79	62	70.15	1.7
5463	10	16	20	20	19	17	18	9	20	20	0.33	96.20%	99	97	97.08	4
5518	8	15	18	14	14	18	17	3	12	20	0	79.00%	70	76	75.99	2.2
5523	9	16	14	19	19	19	18	9	18	20	1	92.00%	90	96	93.22	3.7
5632	9	15	17	19	19	19	18	8	19	20	0	92.60%	85	84	87.65	3.2
5844	9	16	19	17	15	18	16	8	15	20	0	86.90%	88	81	84.77	3
5872	8	15	18	15	0	0	0	0	0	20	0	43.20%	58	0	28.87	0
5901	10	16	20	19	18	20	20	9	19	20	0	97.20%	100	100	98.86	4
6096	9	16	19	17	17	12	1	8	12	15	0	71.60%	69	51	62.84	1.1
6232	10	16	20	18	19	19	17	9	15	20	3	94.30%	96	88	92.13	3.6
6300	10	15	20	16	17	18	17	9	13	20	0	88.10%	89	78	84.23	3
6324	9	16	19	18	16	18	19	10	19	20	0	93.20%	91	85	89.47	3.4
6356	10	16	20	18	20	18	20	10	13	20	0.33	93.90%	89	92	92.18	3.6
6358	8	15	20	16	17	17	19	8	13	20	0.33	87.10%	92	92	90.05	3.5
6363	9	15	20	17	18	20	19	10	0	20	0	84.10%	86	86	85.24	3
6391	10	15	18	15	17	19	19	9	14	20	0.33	88.80%	86	72	81.53	2.7
6709	10	16	20	16	16	16	8	7	15	20	0	81.80%	83	79	80.93	2.7
6865	10	16	16	19	18	19	19	8	18	20	0	92.60%	85	71	82.45	2.8
6995	8	15	20	19	18	16	19	6	19	20	0	90.90%	81	76	82.96	2.8
7124	9	16	19	20	17	17	12	8	16	20	0	87.50%	86	63	77.4	2.4
7293	9	15	18	19	18	17	19	8	13	20	2	89.80%	72	80	82.31	2.8
7321	8	15	18	0	0	12	17	8	17	20	1	65.90%	72	41	57.16	0.6
7354	9	16	20	18	19	18	18	10	19	20	1	95.50%	100	79	89.78	3.4
7408	10	15	20	18	18	18	19	10	18	20	0.67	94.70%	90	90	91.88	3.6
7440	6	15	14	17	19	15	11	6	0	20	0	69.90%	77	40	59.35	0.8
7610	9	16	20	19	20	19	19	10	20	20	0	97.70%	101	96	97.69	4
7672	10	16	16	18	0	17	17	0	16	20	0	73.90%	78	48	64.35	1.2
7794	9	16	20	18	17	17	18	10	15	20	0	90.90%	98	81	88.36	3.3
7921	9	16	20	18	18	20	19	10	14	20	2.33	94.50%	77	83	86.4	3.1
7926	10	16	20	20	17	17	19	9	17	20	0	93.80%	97	71	85.3	3
7974	10	15	14	17	19	17	16	8	18	20	0	87.50%	81	73	80.4	2.6
7993	7	8	18	7	11	5	4	7	14	20	0	57.40%	54	23	42.95	0
8527	9	15	17	20	18	16	15	7	0	12	0	73.30%	87	76	77.12	2.3
8545	10	15	18	16	17	17	15	10	13	20	0	85.80%	88	67	78.72	2.5
8670	10	16	20	19	20	18	19	9	20	20	0	97.20%	92	84	90.86	3.5
8812	10	13	12	12	10	6	9	0	0	15	0	49.40%	55	0	30.77	0
9118	7	14	18	16	16	17	17	8	18	20	0	85.80%	88	63	77.12	2.3
9163	9	16	18	13	17	15	15	6	13	20	0	80.70%	74	47	65.87	1.4
9339	6	15	18	14	15	12	12	8	14	18	0	75.00%	90	89	83.6	2.9
9370	10	16	20	19	18	16	18	7	16	12	0	86.40%	84	80	83.35	2.9
9395	10	16	20	19	19	18	20	9	15	20	0	94.30%	91	87	90.73	3.5
9568	8	15	20	18	18	16	20	9	16	20	0	90.90%	94	93	92.36	3.6
9713	9	15	0	12	0	0	0	0	0	0	0	20.50%	0	0	8.18	0
9756	9	16	20	16	16	18	18	10	18	20	0	91.50%	92	85	88.99	3.4
9885	10	16	19	0	14	16	14	6	3	18	0	65.90%	74	72	69.96	1.7
10001	9	15	18	18	16	17	15	10	19	20	0	89.20%	87	80	85.08	3
10296	10	13	13	18	17	0	0	0	0	20	0	51.70%	84	0	37.48	0
10509	8	16	19	17	11	11	14	9	16	18	0	79.00%	61	63	68.99	1.6
10738	9	16	19	18	18	17	19	9	16	20	0	91.50%	91	89	90.39	3.5
10829	9	14	19	14	14	18	18	7	15	20	0	84.10%	88	81	83.64	2.9
10863	10	15	19	18	19	18	18	8	14	20	2.67	91.90%	93	79	86.94	3.2
11004	10	16	18	20	18	20	20	10	16	20	0	95.50%	89	79	87.58	3.2
11204	8	16	20	17	19	18	19	7	16	20	0	90.90%	72	53	71.96	1.9
11349	9	16	13	19	16	19	18	9	18	20	0	89.20%	84	63	77.68	2.4
11884	9	16	20	19	17	19	16	7	14	20	0	89.20%	92	82	86.88	3.2
11920	9	15	17	13	18	0	16	5	12	20	0	71.00%	77	64	69.41	1.7
11952	10	14	20	19	19	17	18	9	17	20	3	94.30%	88	85	89.33	3.4
11953	9	16	20	18	18	17	18	9	16	20	3	93.20%	64	60	74.07	2.1
12012	8	14	19	18	18	20	17	8	21	20	0	92.60%	75	65	78.05	2.4
12098	10	16	19	18	15	20	18	8	18	18	0	90.90%	92	85	88.76	3.3
12132	9	14	15	18	17	16	19	7	10	20	0.33	82.60%	85	81	82.43	2.8
12172	9	10	20	19	19	19	17	9	20	20	2.33	93.40%	71	62	76.35	2.3
12529	10	16	14	18	18	18	16	3	16	20	0	84.70%	82	78	81.46	2.7
12755	9	16	20	19	17	17	18	9	19	20	0	93.20%	86	88	89.67	3.4
12920	10	16	18	18	16	0	0	0	0	12	0	51.10%	89	39	53.85	0
12939	9	15	20	19	17	19	18	9	20	20	0	94.30%	94	89	92.13	3.6
13129	9	15	15	16	16	14	16	5	17	20	0	81.30%	95	75	81.5	2.7
13260	10	16	20	18	17	16	18	9	15	20	0	90.30%	86	86	87.74	3.3
13845	9	15	20	18	18	17	15	10	16	20	0	89.80%	88	77	84.31	3
13938	9	16	20	17	20	16	20	9	18	20	1	94.30%	83	89	89.93	3.4
14055	10	15	20	17	18	18	18	10	18	20	0	93.20%	87	64	80.27	2.6
14063	10	16	20	19	16	17	17	8	19	20	0.33	92.20%	81	88	88.29	3.3
14413	10	15	20	20	19	20	19	10	18	20	0	97.20%	89	82	89.46	3.4
14770	10	16	19	20	17	14	18	8	15	20	0	89.20%	87	80	85.08	3
14860	8	16	20	14	18	19	20	7	17	20	0	90.30%	93	82	87.54	3.2
14867	9	16	20	16	17	15	17	9	17	20	0	88.60%	88	80	85.05	3
14991	10	16	20	17	17	19	20	8	17	20	0	93.20%	85	80	86.27	3.1
15275	9	16	20	18	19	18	17	9	18	20	0	93.20%	79	68	80.27	2.6
15309	9	16	20	17	18	18	16	10	17	20	0	91.50%	79	82	85.19	3
15341	8	14	8	9	16	16	18	7	16	20	0.33	75.20%	87	50	67.48	1.5
15343	10	14	13	13	15	14	0	0	0	20	0	56.30%	73	35	51.1	0
15364	9	16	20	19	19	18	18	8	18	20	2.67	95.30%	92	101	96.91	4
15373	10	15	20	16	18	20	20	10	21	20	0	96.60%	97	80	90.04	3.5
15389	10	16	20	19	17	19	18	9	19	20	1	95.50%	93	100	96.78	4
15395	8	15	20	17	19	18	20	10	17	20	0	93.20%	101	82	90.27	3.5
15435	6	15	11	0	0	5	16	4	16	20	0	52.80%	66	26	44.74	0
15489	8	14	11	16	15	12	0	7	0	20	0	58.50%	90	59	65.01	1.3
15521	10	15	20	17	16	17	18	9	17	20	0	90.30%	85	77	83.94	2.9
15523	8	15	20	20	19	20	17	10	21	20	1	97.20%	100	94	96.46	3.9
15524	10	16	17	19	17	20	18	10	17	20	3	94.90%	86	99	94.75	3.8
15732	8	15	14	17	17	19	19	9	17	20	3	89.80%	88	94	91.11	3.5
15885	10	16	20	19	19	19	20	8	21	20	3	99.40%	97	101	99.57	4
15916	10	16	20	18	17	17	20	8	18	20	3	94.90%	66	47	69.95	1.7
15917	9	14	15	15	14	15	15	6	16	20	1	79.50%	92	84	83.82	2.9
15982	9	15	19	18	19	20	19	10	20	20	0.33	96.20%	96	93	94.88	3.8
16147	8	16	20	19	19	17	18	10	19	20	0	94.30%	92	76	86.53	3.1
16303	9	16	18	17	16	16	18	8	16	20	3	89.20%	92	89	89.68	3.4
16337	9	16	18	13	19	13	19	8	16	20	0	85.80%	84	89	86.72	3.2
16393	8	15	18	17	13	18	18	7	19	20	0	86.90%	84	86	85.97	3.1
16394	9	11	7	0	0	0	0	0	0	9	0	20.50%	50	8	21.38	0
16421	10	15	20	17	19	0	0	8	14	20	0	69.90%	89	64	71.35	1.8
16482	8	15	18	0	10	19	13	6	10	20	0	67.60%	67	17	47.25	0
16517	8	15	18	16	0	0	0	0	0	20	0	43.80%	75	0	32.5	0
16518	9	16	14	17	18	18	19	9	14	20	0	87.50%	87	87	87.2	3.2
16700	8	16	18	16	12	16	15	8	9	20	0	78.40%	69	71	73.56	2
16825	6	14	18	11	15	13	0	8	3	15	0	58.50%	33	7	32.81	0
16970	9	16	20	16	19	17	18	9	18	20	0	92.00%	88	84	88.02	3.3
16973	9	16	20	20	16	18	16	8	14	20	0	89.20%	79	86	85.88	3.1
17005	8	9	19	18	6	4	10	6	12	18	0	62.50%	58	20	44.6	0
17046	8	16	18	18	6	5	0	0	0	20	0	51.70%	58	0	32.28	0
17137	9	0	0	0	0	0	0	0	0	6	0	8.50%	39	0	11.21	0
17287	10	16	20	18	16	14	16	8	15	20	0	86.90%	77	64	75.77	2.2
17289	8	16	18	0	0	13	0	8	17	20	0	56.80%	72	30	49.13	-0.1
17292	9	16	19	17	16	17	0	7	11	20	0	75.00%	93	69	76.2	2.3
17349	10	15	20	19	16	18	20	10	21	20	2.33	97.30%	91	90	93.14	3.7
17443	8	16	20	17	19	17	18	10	18	20	0.33	92.80%	87	95	92.52	3.7
17685	9	16	20	17	17	17	16	8	15	20	0	88.10%	67	75	78.63	2.5
17839	10	16	20	19	18	11	0	5	7	12	0	67.00%	72	53	62.42	1.1
17967	10	16	20	20	20	20	19	8	19	20	0.67	98.10%	97	79	90.24	3.5
18007	8	15	17	19	19	12	16	7	17	20	0	85.20%	82	74	80.09	2.6
18136	8	16	14	16	17	12	0	9	14	20	0	71.60%	82	62	69.84	1.7
18247	9	15	20	19	19	15	19	10	16	20	0	92.00%	97	95	94.22	3.8
18282	10	15	20	17	13	17	16	8	12	20	0.33	84.30%	66	43	64.11	1.2
18378	8	14	17	17	17	16	17	8	15	20	0	84.70%	87	81	83.66	2.9
18860	10	16	18	16	17	18	19	9	18	18	0	90.30%	97	76	85.94	3.1
18863	10	14	20	17	18	13	17	9	17	20	0	88.10%	65	58	71.43	1.8
18949	8	14	18	17	17	19	18	9	16	20	0	88.60%	90	91	89.85	3.4
19217	8	11	12	9	12	0	0	0	0	15	0	38.10%	70	22	38.03	0
19301	8	15	12	19	15	18	17	8	13	20	0	82.40%	93	90	87.55	3.2
19309	9	15	19	16	17	16	0	7	13	20	0	75.00%	80	53	67.2	1.5
19332	7	15	18	17	18	14	18	7	17	20	1	86.40%	80	77	81.35	2.7
19394	10	16	18	19	19	18	16	8	13	20	0	89.20%	92	91	90.48	3.5
19401	8	14	13	15	12	16	15	6	9	20	0	72.70%	65	57	64.89	1.3
19610	9	15	18	17	16	18	16	10	21	20	0	90.90%	86	74	83.16	2.9
19721	9	16	20	17	18	16	15	0	15	20	3	84.70%	89	62	76.46	2.3
19753	10	16	20	19	19	19	19	9	19	20	0.67	97.00%	83	85	89.39	3.4
19761	9	16	19	16	18	16	16	9	15	20	0	87.50%	94	83	87	3.2
19880	10	16	20	20	20	19	19	10	20	20	0	98.90%	98	94	96.75	3.9
19930	10	16	20	18	20	20	19	8	19	12	0	92.00%	87	79	85.82	3.1
20138	9	16	16	19	18	17	19	10	14	20	0	89.80%	92	77	85.11	3
20143	5	14	18	12	14	0	0	0	0	15	0	44.30%	77	17	39.93	0
20265	10	16	18	19	17	18	17	9	20	20	0	93.20%	98	88	92.07	3.6
20325	6	15	16	16	12	0	16	0	18	20	0	67.60%	97	90	82.45	2.8
20357	8	15	17	16	16	17	18	8	12	20	0	83.50%	72	47	66.61	1.4
20365	10	16	17	19	18	17	19	8	17	20	0	91.50%	88	73	83.39	2.9
20628	9	15	20	19	17	15	16	7	15	20	0	86.90%	75	73	78.97	2.5
20744	9	16	20	19	20	18	18	10	20	20	0	96.60%	94	98	96.64	3.9
20783	9	16	19	20	19	15	19	9	19	20	2	94.90%	92	95	94.35	3.8
20807	10	16	20	20	16	18	19	9	19	20	0	94.90%	88	79	87.15	3.2
20877	9	16	20	19	18	0	19	8	16	20	0	82.40%	77	60	72.35	1.9
21043	7	15	20	15	17	13	12	6	7	12	0	70.50%	87	56	67.98	1.5
21104	6	13	20	16	20	17	20	7	20	20	0.67	90.70%	95	93	92.49	3.7
21612	10	16	20	19	17	20	0	9	15	20	0	83.00%	96	84	85.98	3.1
21620	8	15	17	15	13	19	18	8	13	20	0	83.00%	78	77	79.58	2.5
21684	9	16	20	19	17	20	20	9	15	20	0	93.80%	88	85	89.1	3.4
21738	10	16	20	18	19	20	19	8	18	20	0	95.50%	101	96	96.78	4
21774	9	16	20	20	16	20	18	10	17	20	0	94.30%	90	100	95.73	3.9
21836	9	14	20	19	19	18	17	10	20	20	0	94.30%	94	87	91.33	3.5
21998	9	16	19	18	19	17	0	9	14	20	1.33	80.90%	98	91	88.35	3.3
22006	9	16	20	19	18	19	19	10	21	20	0	97.20%	84	92	92.46	3.7
22029	8	16	20	16	16	18	16	8	18	20	2.67	90.20%	86	89	88.86	3.4
22032	9	16	19	18	16	18	20	9	15	20	0	90.90%	95	82	88.16	3.3
22060	10	16	20	18	18	20	19	9	19	20	1	96.60%	97	99	97.64	4
22155	8	14	18	10	14	0	0	6	8	9	0	49.40%	58	39	46.97	0
22185	9	15	17	16	17	0	8	9	5	20	0	65.90%	65	28	50.56	0
22407	10	16	20	17	19	18	20	10	19	20	1	96.60%	94	81	89.84	3.4
22409	8	15	15	19	0	19	2	0	0	15	0.33	53.00%	71	27	46.21	0
22695	8	15	20	19	17	17	12	9	17	20	0	87.50%	71	56	71.6	1.9
22703	10	16	20	16	18	17	19	9	17	20	0	92.00%	91	88	90.22	3.5
22761	7	14	17	18	17	18	17	8	19	20	0	88.10%	96	93	91.63	3.6
22857	9	16	20	20	15	18	18	9	17	20	0	92.00%	90	86	89.22	3.4
22965	10	16	20	19	17	13	0	0	0	20	0	65.30%	85	62	67.94	1.5
23030	8	15	18	0	18	0	0	0	0	3	0	35.20%	0	0	14.09	0
23052	9	15	19	14	17	0	0	3	0	20	0	55.10%	77	28	48.65	0
23089	6	15	18	15	16	15	15	7	12	20	0	79.00%	92	90	85.99	3.1
23159	10	16	14	19	19	16	17	10	17	20	0	89.80%	91	89	89.71	3.4
23177	9	16	0	0	0	14	0	10	16	20	0	48.30%	76	55	56.52	0.6
23180	8	16	20	19	18	20	20	10	18	20	3	97.70%	93	96	96.09	3.9
23209	8	15	17	17	15	18	18	8	14	20	0	85.20%	92	88	87.69	3.3
23279	10	16	18	16	13	16	0	4	11	20	0	70.50%	88	65	71.78	1.9
23572	9	16	20	18	18	19	19	6	20	20	0	93.80%	100	84	91.1	3.5
23666	9	16	20	18	19	17	14	8	14	20	0	88.10%	72	65	75.63	2.2
23691	9	16	20	18	18	18	19	9	20	20	1.67	95.80%	90	90	92.33	3.6
23696	10	16	20	19	18	19	19	9	19	20	0.33	96.20%	98	89	93.68	3.8
23859	10	16	20	19	17	18	19	9	15	20	0	92.60%	94	89	91.45	3.6
23897	10	16	20	16	20	20	18	10	19	20	0	96.00%	96	92	94.41	3.8
23917	10	16	20	17	18	18	18	7	19	20	0	92.60%	94	89	91.45	3.6
23925	10	16	20	17	18	19	17	8	14	20	0	90.30%	89	76	84.34	3
23957	10	16	20	20	18	19	17	9	20	20	0	96.00%	95	98	96.61	3.9
23989	9	14	20	18	16	18	19	8	17	20	1.67	91.30%	94	83	88.52	3.3
24014	7	15	20	18	18	17	17	7	13	20	0	86.40%	94	100	93.35	3.7
24045	8	15	20	17	17	19	17	8	18	20	0	90.30%	93	87	89.54	3.4
24046	9	8	17	18	16	17	16	7	19	20	0	83.50%	85	83	83.61	2.9
24049	9	16	16	17	15	18	7	10	17	20	0	82.40%	98	90	88.55	3.3
24052	10	15	17	17	19	19	20	7	14	20	0	89.80%	97	86	89.71	3.4
24115	9	15	15	18	18	14	17	10	19	20	0	88.10%	92	84	87.23	3.2
24170	9	16	14	17	14	13	15	7	13	20	0.67	78.80%	79	77	78.12	2.4
24171	10	16	20	19	20	20	19	9	16	20	0	96.00%	101	101	99.01	4
24441	10	16	20	20	19	20	20	9	18	20	0.33	97.90%	83	95	93.77	3.8
24526	9	15	20	17	17	0	19	0	0	20	0	66.50%	86	64	69.39	1.7
24592	10	16	20	19	18	19	19	10	17	20	0.33	95.60%	101	82	91.26	3.5
24686	9	16	20	19	20	0	19	10	18	20	0	85.80%	79	75	80.12	2.6
24893	9	16	14	14	15	14	16	8	12	20	0	78.40%	69	57	67.96	1.5
24917	10	15	20	17	20	20	20	8	19	20	0	96.00%	85	83	88.61	3.3
25163	10	15	20	20	19	19	18	0	18	20	0	90.30%	85	92	89.94	3.4
25165	8	15	0	15	9	14	14	6	0	6	0	49.40%	96	55	60.97	0.9
25194	10	16	20	20	19	19	18	8	16	18	0	93.20%	73	57	74.67	2.1
25290	9	16	20	17	19	19	0	8	16	20	0	81.80%	86	69	77.53	2.4
25399	9	13	13	14	13	16	13	5	15	20	0	74.40%	69	67	70.37	1.8
25611	10	16	18	18	17	18	17	9	19	20	0	92.00%	94	90	91.62	3.6
26099	10	16	20	20	17	19	18	10	19	20	0	96.00%	81	85	88.61	3.3
26194	6	16	18	0	13	19	15	0	0	3	0	51.10%	65	7	36.25	0
26252	10	16	19	18	18	19	20	9	19	20	0	95.50%	92	86	90.98	3.5
26394	9	16	19	13	12	0	0	0	15	15	0	56.30%	80	33	51.7	0.1
26448	10	16	16	18	19	0	19	9	21	20	0	84.10%	101	99	93.44	4
26647	10	16	20	18	20	19	17	9	18	18	0	93.80%	73	73	81.3	2.7
26922	10	15	20	16	20	16	19	10	12	20	0	89.80%	97	95	93.31	3.7
26957	8	15	17	18	0	19	15	10	11	20	2.33	76.90%	58	40	58.36	0.7
27115	10	16	20	19	17	18	20	8	15	20	0.33	92.80%	101	99	96.92	4
27254	9	9	19	4	11	0	6	0	0	9	0	38.10%	59	26	37.43	0
27308	9	16	18	18	16	12	13	3	16	20	0	80.10%	67	59	69.05	1.6
27343	10	15	20	20	20	19	19	10	16	20	0	96.00%	101	94	96.21	3.9
27853	7	16	14	16	17	15	16	7	16	20	0.67	82.20%	89	71	79.08	2.5
27861	10	16	18	0	16	16	16	8	12	20	0	75.00%	74	62	69.6	1.7
27961	9	16	18	18	17	17	15	9	13	20	0	86.40%	92	77	83.75	2.9
28078	9	16	15	15	10	9	10	6	17	20	0	72.20%	58	35	54.46	0
28080	9	16	19	20	19	20	19	10	18	20	0	96.60%	83	76	85.64	3.1
28084	10	16	20	20	20	20	20	9	19	20	0	98.90%	96	101	99.15	4
28111	9	16	20	20	18	19	18	9	17	20	0	94.30%	77	42	69.93	1.7
28113	10	16	20	18	15	15	18	9	20	20	0	91.50%	93	83	88.39	3.3
28182	10	13	17	16	10	9	15	8	15	20	0.33	75.80%	87	97	86.5	3.1
28209	6	15	17	5	0	0	0	0	0	3	0	26.10%	48	0	20.05	0
28337	10	16	20	19	19	16	19	9	20	20	0.33	95.60%	92	85	90.66	3.5
28348	9	16	18	17	13	18	17	9	20	20	0	89.20%	82	69	79.68	2.6
28405	9	15	19	19	15	17	16	8	15	20	0.33	87.10%	87	84	85.85	3.1
28466	9	15	0	0	0	0	0	0	20	9	0	30.10%	88	82	62.45	1.1
28499	10	16	20	18	18	20	20	7	15	20	0.67	93.60%	91	89	91.22	3.5
28501	7	15	9	15	13	15	16	4	13	20	0	72.20%	86	65	72.06	1.9
28694	10	15	20	19	18	16	19	8	19	20	0	93.20%	74	68	79.27	2.5
28696	10	15	20	19	16	11	18	9	16	20	0.33	87.70%	70	63	74.28	2.1
28853	10	16	20	19	19	17	1	9	15	18	0	81.80%	41	29	52.53	0
28880	9	15	20	19	20	19	19	10	21	20	0	97.70%	96	0	58.29	0.7
28944	10	16	20	16	18	17	15	8	16	20	0	88.60%	85	74	82.05	2.8
29016	10	16	19	17	15	18	16	10	19	20	0	90.90%	97	89	91.36	3.5
29279	7	16	18	1	1	6	10	7	12	20	0	55.70%	62	40	50.67	0
29351	9	16	20	18	18	18	14	8	18	20	0	90.30%	73	69	78.34	2.4
29783	10	15	16	16	16	11	18	0	4	20	0	71.60%	55	34	53.24	0
29850	9	13	20	17	17	18	0	9	18	20	0	80.10%	74	60	70.85	1.8
30003	9	16	20	17	17	16	17	9	16	20	0	89.20%	92	77	84.88	3
30357	10	16	20	20	17	20	17	7	17	20	0	93.20%	97	100	96.67	3.9
30379	10	16	19	19	18	18	19	8	18	20	0.33	93.90%	82	95	91.98	3.6
30476	9	16	20	19	20	20	0	9	17	20	0	85.20%	88	85	85.69	3.1
30618	10	16	20	18	18	18	20	10	20	20	0	96.60%	100	99	98.24	4
30733	10	16	20	20	19	18	19	8	20	18	0	95.50%	92	94	94.18	3.8
30773	8	15	19	18	16	20	18	7	20	20	0	91.50%	96	82	88.59	3.3
30802	7	12	6	2	7	1	0	0	0	20	0	31.30%	57	24	33.5	0
30903	0	15	20	19	19	18	14	7	8	20	0	79.50%	94	80	82.62	2.8
30960	9	16	8	13	0	0	0	0	0	18	0.33	36.60%	51	20	32.82	0
30964	10	15	20	20	18	18	17	9	16	20	0	92.60%	94	91	92.25	3.6
30995	8	14	19	17	15	13	14	9	19	20	0	84.10%	85	68	77.84	2.4
31012	0	15	19	0	0	0	0	0	0	20	0	30.70%	75	0	27.27	0
31119	9	14	17	20	15	19	16	8	16	20	0	87.50%	89	66	79.2	2.5
31145	10	15	16	16	16	16	10	8	13	18	0	78.40%	61	43	60.76	0.9
31251	10	16	20	15	17	0	20	8	14	20	0	79.50%	84	74	78.22	2.4
31436	10	16	17	19	18	20	20	10	19	20	0	96.00%	96	90	93.61	3.8
31471	6	9	17	15	19	16	19	9	18	15	0	81.30%	49	35	56.3	0
31571	8	16	18	17	3	2	3	9	15	20	0	63.10%	47	50	54.63	0
31577	10	16	20	19	20	19	19	0	17	12	0	86.40%	98	89	89.75	3.4
31727	8	15	17	18	17	18	19	10	20	20	0	92.00%	89	89	90.22	3.5
31757	9	16	20	16	20	20	18	9	19	20	0	94.90%	101	92	94.95	3.9
31759	9	16	20	18	18	16	20	8	20	20	0.33	93.90%	86	91	91.18	3.6
31894	10	16	18	8	12	0	0	0	0	20	0	47.70%	73	22	42.49	0
31958	10	16	18	17	19	17	20	9	19	12	0	89.20%	97	96	93.48	3.8
32073	7	15	20	18	14	16	17	5	13	20	0	82.40%	69	69	74.35	2.1
32306	9	15	16	14	17	18	19	9	19	18	0	87.50%	94	80	85.8	3.1
32398	9	16	20	18	19	19	20	10	18	20	0	96.00%	100	90	94.41	3.8
32540	10	16	19	12	17	13	17	10	17	20	0.33	86.00%	75	68	76.59	2.3
32718	9	15	19	18	17	19	20	10	12	20	0	90.30%	92	84	88.14	3.3
32766	8	15	18	17	17	17	17	7	18	20	0	87.50%	79	82	83.6	2.9
32779	10	11	19	17	14	12	0	0	0	20	0	58.50%	75	34	52.01	0
32782	9	15	19	18	20	20	19	8	14	20	0	92.00%	93	91	91.82	3.6
32826	9	16	18	17	17	19	19	10	18	20	0	92.60%	94	90	91.85	3.6
32949	10	16	20	14	16	19	18	8	20	20	0	91.50%	90	86	88.99	3.4
33136	9	16	20	19	12	5	10	8	13	18	0	73.90%	68	53	64.35	1.2
33143	9	16	17	19	15	17	18	9	19	20	0	90.30%	91	90	90.34	3.5
33362	9	16	19	18	16	11	16	8	12	20	0	82.40%	80	65	74.95	2.1
33501	10	14	19	15	16	20	18	7	14	20	0.33	87.10%	82	56	73.65	2
33519	10	15	18	18	14	16	14	9	17	20	0	85.80%	93	91	89.32	3.4
33620	10	16	17	18	18	18	17	9	18	20	0	91.50%	84	59	76.99	2.3
33777	10	15	15	19	20	18	20	7	20	20	0	93.20%	90	67	82.07	2.8
34129	8	15	17	0	0	5	6	8	9	0	0	38.60%	49	17	32.05	0
35223	10	16	20	20	19	18	18	10	19	20	0	96.60%	101	89	94.44	3.8
35451	9	16	20	20	19	18	18	8	16	20	1	93.80%	79	70	81.3	2.7
35577	10	14	19	18	14	18	17	10	14	20	0	87.50%	74	47	68.6	1.6
35635	9	15	19	17	15	17	19	8	17	20	0	88.60%	96	86	89.05	3.4
35894	6	14	19	16	16	15	18	10	19	20	0	86.90%	80	71	79.17	2.5
36123	9	15	20	19	18	17	16	8	20	20	0	92.00%	82	74	82.82	2.8
36238	10	16	17	17	19	17	20	10	18	20	0	93.20%	84	72	82.87	2.8
36909	10	14	7	10	0	0	0	0	0	3	0	25.00%	31	0	16.2	0
36913	9	16	20	18	17	20	18	9	17	20	0	93.20%	66	64	76.07	2.2
37045	8	14	15	16	13	19	18	6	14	20	0	81.30%	57	53	65.1	1.3
37079	9	14	19	19	14	18	18	9	19	20	0	90.30%	77	74	81.14	2.7
37108	10	16	10	10	15	15	13	8	17	20	0	76.10%	93	84	82.65	2.8
37203	10	16	20	18	17	20	19	10	13	20	0	92.60%	100	101	97.45	4
37206	9	16	20	19	17	18	18	8	17	20	0.33	92.20%	89	69	82.29	2.8
37211	9	16	20	18	19	20	18	7	19	20	0	94.30%	90	80	87.73	3.3
37238	9	16	16	8	13	16	17	9	17	20	0	80.10%	84	77	79.65	2.6
37265	10	15	19	18	17	16	19	9	19	20	0	92.00%	79	85	86.62	3.2
37276	9	15	20	17	16	14	16	7	16	20	0	85.20%	97	83	86.69	3.2
37625	7	16	19	15	16	13	15	8	11	20	0	79.50%	75	59	70.42	1.8
38013	9	16	20	19	20	16	18	9	17	20	0	93.20%	88	83	88.07	3.3
38099	9	16	19	19	15	0	17	7	17	20	0	79.00%	73	68	73.39	2
38223	10	16	18	0	18	17	17	8	18	20	0	80.70%	93	97	89.67	3.4
38227	10	16	20	20	20	19	19	9	20	20	1	98.90%	97	89	94.55	3.8
38449	9	15	20	18	19	18	17	9	19	20	2.67	94.70%	91	93	93.28	3.7
38701	10	16	20	20	19	19	18	9	14	20	0	93.80%	99	86	91.7	3.6
38729	6	14	18	0	13	10	17	5	13	20	0	65.90%	64	43	56.36	0.5
38892	9	15	20	15	17	13	19	7	18	20	0	86.90%	85	88	86.97	3.2
38999	10	16	17	19	18	19	18	10	19	20	2.33	95.60%	94	76	87.46	3.2
39403	7	16	14	16	16	11	15	8	14	20	0.33	78.00%	97	91	87.01	3.2
39625	10	16	20	17	17	17	17	10	15	20	0	90.30%	89	76	84.34	3
39661	10	16	20	19	18	19	20	8	16	20	0	94.30%	95	90	92.73	3.7
39899	9	16	19	18	16	16	19	10	13	20	0	88.60%	86	75	82.65	2.8
39971	8	15	17	18	16	18	14	8	18	20	0	86.40%	92	89	88.55	3.3
40001	10	15	19	15	14	15	18	8	11	20	0	82.40%	93	85	85.55	3.1
40262	10	16	12	16	18	11	19	9	17	20	0.67	84.50%	87	70	79.19	2.5
40432	10	16	20	17	19	14	20	1	14	20	0	85.80%	78	75	79.92	2.6
40531	10	15	20	19	17	13	17	9	15	20	0	88.10%	89	76	83.43	2.9
40532	10	15	19	18	16	15	18	9	16	20	0	88.60%	85	78	83.65	2.9
40817	10	16	19	18	20	13	20	9	19	20	0	93.20%	86	75	84.47	3
41088	10	16	20	18	19	18	19	10	20	20	0	96.60%	91	91	93.24	3.7
41271	10	15	20	17	15	16	15	8	16	20	0	86.40%	93	74	82.75	2.8
41292	8	14	17	19	18	20	17	8	15	20	0	88.60%	73	73	79.25	2.5
41478	9	15	19	16	16	16	18	9	15	20	0	86.90%	95	90	89.77	3.4
41485	9	15	19	12	17	13	16	8	17	20	0	83.00%	77	67	75.38	2.2
41865	9	16	20	16	20	20	18	7	20	20	0	94.30%	99	88	92.73	3.7
41881	10	16	17	17	15	14	16	0	13	20	0	78.40%	72	70	73.76	2
42159	9	15	13	0	0	0	15	0	0	12	0	36.40%	34	19	28.95	0
42257	9	16	20	19	14	0	17	9	19	20	0	81.30%	84	81	81.7	2.7
42389	10	16	20	18	14	13	15	9	14	18	0	83.50%	94	66	78.61	2.5
42454	8	16	19	20	15	18	19	9	19	20	0	92.60%	98	85	90.65	3.5
42514	9	14	20	15	15	16	16	8	0	20	0	75.60%	93	74	78.43	2.4
42674	10	16	20	0	20	18	19	7	17	20	0	83.50%	86	79	82.21	2.8
42915	10	15	20	20	19	19	19	10	20	20	0	97.70%	99	85	92.89	3.7
43030	10	16	20	20	20	20	19	10	20	20	1	100.00%	99	91	96.2	3.9
43816	9	16	17	18	17	19	17	9	15	20	0	89.20%	74	74	80.08	2.6
43895	8	15	20	17	15	19	19	9	19	20	0	91.50%	85	83	86.79	3.2
43930	9	15	20	17	16	18	16	10	13	20	2.33	88.80%	61	22	56.53	0
43988	10	15	18	19	19	17	18	8	12	15	1.33	86.60%	72	57	71.82	1.9
43989	5	14	11	11	9	9	11	4	7	20	0	57.40%	79	44	56.35	0
44080	10	16	20	18	17	20	19	9	17	20	0	94.30%	101	84	91.53	3.6
44083	9	16	20	19	19	20	20	10	20	20	2	99.40%	99	86	93.97	3.8
44274	7	16	20	18	20	18	19	10	19	20	0	94.90%	86	75	85.15	3
44345	10	16	20	20	18	17	19	10	17	20	2	96.00%	101	92	95.41	3.9
44370	10	16	20	18	17	18	19	10	20	20	0	95.50%	96	85	91.38	3.5
44395	8	15	20	17	17	17	16	9	16	20	0	88.10%	79	54	72.63	1.9
44430	8	15	20	17	18	17	0	8	17	20	0	79.50%	81	79	79.62	2.6
44598	9	15	19	17	17	17	19	8	19	20	0	90.90%	78	77	82.76	2.8
44654	9	15	19	18	19	16	13	5	15	20	0	84.70%	68	49	67.06	1.5
44843	8	16	20	20	18	18	19	9	19	20	2.33	96.20%	99	98	97.48	4
44888	10	16	20	19	19	19	18	9	18	20	0.67	95.80%	86	77	86.33	3.1
45065	10	16	20	19	20	19	19	8	19	20	2.33	97.90%	101	101	99.77	4
45131	8	15	19	17	15	0	16	3	0	20	0.67	64.60%	63	20	46.43	0
45155	10	16	20	16	18	18	19	9	18	20	0	93.20%	100	99	96.87	4
45157	8	0	18	12	12	5	0	0	12	20	0	49.40%	74	45	52.57	0
45256	8	16	20	18	19	18	17	7	15	20	0	89.80%	94	92	91.51	3.6
45315	10	16	20	17	18	20	20	9	18	20	0	95.50%	100	98	97.38	4
45344	9	16	20	18	20	20	19	10	20	20	2.67	99.20%	98	93	96.5	3.9
45348	8	16	20	15	18	18	17	9	18	20	1	90.90%	84	85	87.16	3.2
45388	10	16	20	16	16	19	19	8	17	20	0.33	91.70%	65	61	74.07	2.1
45483	10	16	20	18	17	14	12	10	17	20	0	87.50%	57	52	67.2	1.5
45551	9	16	20	20	19	19	19	10	20	20	0.67	98.10%	94	99	97.64	4
45646	10	15	18	17	15	13	12	8	16	20	0	81.80%	65	35	59.73	0.8
45674	10	16	19	18	17	19	19	10	18	20	0	94.30%	96	99	96.53	3.9
45772	9	11	19	18	16	11	10	8	15	20	0	77.80%	77	64	72.14	1.9
45945	9	16	20	19	18	18	19	10	16	20	0	93.80%	91	64	81.3	2.7
45969	9	15	18	17	19	18	15	8	20	6	0.33	82.60%	93	74	81.23	2.7
46063	8	16	20	17	16	18	15	7	12	20	0	84.70%	98	84	87.06	3.2
46095	9	16	20	17	16	20	20	9	17	20	0.67	93.60%	79	72	82.02	2.8
46179	5	15	0	15	0	18	0	0	0	15	0	38.60%	37	0	22.85	0
46209	10	15	18	15	18	0	0	8	18	20	0	69.30%	93	96	84.73	3.7
46277	10	15	19	20	18	18	18	6	19	20	0	92.60%	89	97	93.65	3.8
46348	10	16	16	17	18	16	18	7	19	20	0	89.20%	95	81	87.08	3.2
46517	10	15	20	18	18	18	18	9	18	20	0	93.20%	94	87	90.87	3.5
46637	9	15	19	18	19	18	19	10	18	20	0	93.80%	84	84	87.9	3.3
46690	9	15	19	17	18	18	14	9	19	20	1.67	90.70%	77	76	82.09	2.8
46728	8	16	20	20	18	18	19	10	13	20	0	92.00%	92	86	89.62	3.4
46764	9	16	20	19	16	18	20	10	16	20	0	93.20%	91	89	91.07	3.5
46991	8	14	12	16	0	17	13	7	5	18	2.67	64.00%	73	47	59.01	0.8
47145	6	10	6	2	0	0	0	0	0	9	0	18.80%	65	22	29.3	0
47204	7	14	20	19	19	19	18	9	17	20	1.67	93.00%	99	91	93.4	3.7
47208	9	15	16	0	0	0	0	0	0	12	0	29.50%	65	22	33.62	0
47265	10	16	20	19	18	19	20	9	18	20	1.33	96.80%	99	101	98.91	4
47388	10	15	17	17	16	15	18	9	16	20	0	86.90%	74	89	85.17	3
47510	7	12	16	18	6	0	0	0	3	12	0	42.00%	73	46	49.82	0
47512	10	16	20	15	16	17	18	9	18	20	0	90.30%	97	89	91.14	3.5
47742	8	16	18	17	18	16	18	0	14	20	0	82.40%	94	80	83.75	2.9
47805	10	16	20	20	19	16	16	10	17	20	0	93.20%	78	85	86.87	3.2
47895	7	16	19	17	19	17	18	9	15	20	0	89.20%	70	64	75.28	2.2
47925	8	16	19	0	18	17	18	10	15	20	0	80.10%	94	71	79.25	2.5
47937	10	15	18	19	18	16	18	9	18	20	0	91.50%	94	81	87.79	3.3
47953	6	16	20	15	19	17	17	8	12	20	0	85.20%	84	61	75.29	2.2
47955	7	15	20	20	19	17	14	8	15	20	0	88.10%	85	90	88.23	3.3
47979	7	15	19	20	17	20	18	9	19	20	1.33	93.90%	89	78	86.58	3.2
48082	10	16	20	18	19	18	19	9	21	20	0	96.60%	101	98	98.04	4
48083	10	16	20	19	19	18	20	10	19	20	0	97.20%	82	79	86.86	3.2
48085	10	15	20	17	18	16	19	9	17	20	0	91.50%	101	93	93.99	3.8
48101	8	16	20	18	19	11	19	9	16	20	0	88.60%	89	70	81.25	2.7
48109	9	16	17	16	15	17	17	8	19	20	0	87.50%	93	89	89.2	3.4
48137	10	16	18	16	16	16	12	9	8	20	0	80.10%	63	56	67.05	1.5
48229	10	16	19	17	18	20	18	8	19	20	0	93.80%	75	56	74.9	2.1
48906	8	16	17	17	18	13	13	9	16	20	0	83.50%	89	81	83.61	2.9
48970	10	16	20	20	19	18	19	10	20	20	0.67	98.10%	95	100	98.24	4
48975	10	16	20	19	19	20	20	10	18	20	1	98.30%	93	90	93.92	3.8
49018	7	15	18	15	17	16	10	5	17	15	0	76.70%	75	69	73.28	2
49037	10	15	14	15	15	16	15	7	14	20	1.33	80.90%	86	82	82.35	2.8
49045	9	15	20	20	20	19	18	10	16	20	0	94.90%	77	85	87.35	3.2
49092	8	15	18	18	19	18	18	9	19	20	0	92.00%	85	50	73.82	2.1
49094	8	15	19	11	16	16	17	6	17	20	0	82.40%	81	76	79.55	2.5
49110	10	16	20	18	18	20	19	10	17	20	0	95.50%	97	96	95.98	3.9
49154	10	15	20	19	13	14	20	10	20	20	0	91.50%	84	72	82.19	2.8
49189	6	12	8	5	0	0	0	0	0	9	0	22.70%	33	0	15.69	0
49494	9	16	20	18	19	17	17	10	18	20	0	93.20%	82	94	91.27	3.5
49524	10	12	14	17	15	12	11	6	14	20	2.33	75.80%	72	75	74.7	2.1
49525	10	15	20	17	16	20	20	9	16	20	0	92.60%	89	87	89.65	3.4
49551	10	16	20	20	19	20	19	9	17	20	3	98.30%	99	90	95.12	3.9
49605	9	16	17	15	19	18	20	10	17	20	1	92.00%	88	80	86.42	3.1
49637	10	16	20	17	20	18	17	9	0	20	0	83.50%	95	90	88.41	3.3
49645	10	15	20	20	20	20	20	10	19	20	0	98.90%	101	91	96.15	3.9
49662	10	16	20	19	19	20	19	9	18	20	0	96.60%	90	77	87.44	3.2
49696	9	15	16	0	0	12	14	6	13	20	0	59.70%	76	68	66.26	1.4
49718	9	16	19	19	19	16	18	9	17	20	0	92.00%	99	88	91.82	3.6
49936	8	16	20	14	18	16	11	1	14	20	0	78.40%	82	74	77.36	2.4
49966	8	13	18	19	17	0	12	7	10	20	0.33	70.60%	76	67	70.26	1.7
49968	8	16	20	20	20	19	19	10	19	20	2.67	98.70%	92	76	88.27	3.3
50043	8	14	17	16	11	0	16	5	14	20	0	68.80%	77	49	62.5	1.1
50147	7	12	16	16	16	18	19	7	18	20	0	84.70%	81	81	82.46	2.8
50150	8	16	20	0	0	0	0	0	0	15	0.33	33.70%	62	0	25.88	0
50156	9	15	20	19	18	16	16	9	19	20	0	91.50%	89	69	81.99	2.8
50220	10	15	18	13	14	12	15	9	14	20	0	79.50%	83	72	77.22	2.3
50297	10	14	18	18	16	17	16	7	16	15	0	83.50%	94	84	85.81	3.1
50420	9	15	17	15	16	5	15	7	18	20	0	77.80%	70	74	74.74	2.1
50512	10	16	20	16	16	16	16	7	19	20	0	88.60%	90	87	88.25	3.3
50534	6	13	18	15	14	9	4	0	0	18	0	55.10%	40	0	30.05	0
50541	9	14	19	17	15	13	15	6	15	20	0	81.30%	77	59	71.5	1.9
50542	10	16	20	20	18	19	19	9	18	20	2	97.20%	95	86	92.26	3.6
50564	8	9	19	16	17	15	16	7	11	20	0	78.40%	82	47	66.56	1.4
50604	8	15	19	15	13	17	0	10	14	12	0	69.90%	92	83	79.55	2.5
50681	10	16	20	19	19	18	20	9	16	18	0	93.80%	77	29	64.5	1.2
50830	10	16	18	19	18	17	18	8	17	20	1	92.00%	87	75	84.22	3
50837	8	14	11	17	9	5	0	0	9	18	0	51.70%	70	33	47.88	0
50860	8	14	20	15	17	17	19	6	13	20	0	84.70%	95	76	83.26	2.9
50991	10	15	20	20	18	19	20	10	21	20	3	100.00%	99	94	97.4	4
51059	8	14	20	17	17	14	17	8	17	20	0	86.40%	85	84	85.15	3
51113	9	15	19	11	16	15	19	9	18	20	3	87.50%	89	82	85.6	3.1
51349	10	16	19	19	18	18	20	8	20	20	3	97.20%	101	95	97.06	4
51374	10	16	18	18	18	17	18	8	16	20	0	90.30%	86	93	90.54	3.5
51382	8	15	16	0	0	12	15	9	16	20	0	63.10%	82	67	68.43	1.6
51436	9	14	20	18	16	18	16	9	15	20	0	88.10%	78	81	83.23	2.9
51560	10	16	20	17	17	16	0	9	17	20	0	80.70%	74	67	73.87	2.1
51624	8	11	17	18	19	16	16	9	16	20	0	85.20%	90	81	84.49	3
51735	10	12	16	18	17	16	6	5	13	20	0.33	75.80%	73	62	69.7	1.7
51792	10	16	16	19	6	17	18	7	15	20	0	81.80%	83	44	66.93	1.5
51824	10	16	20	19	18	17	20	10	18	20	3	97.20%	96	80	90.06	3.5
51825	8	15	18	19	15	17	17	7	16	20	1.67	87.30%	68	44	66.12	1.4
51889	7	15	17	14	11	18	17	9	16	20	0	81.80%	87	94	87.73	3.3
51924	7	14	17	17	19	10	18	10	18	20	0	85.20%	72	59	72.09	1.9
51947	9	15	14	16	13	17	15	7	14	20	0.67	79.90%	77	60	71.37	1.8
51975	8	16	0	0	16	2	16	9	10	20	0	55.10%	63	41	51.05	0
52012	10	15	20	18	12	16	17	9	17	20	1	88.10%	86	78	83.63	2.9
52044	8	11	12	15	10	4	9	6	4	20	0	56.30%	92	72	69.7	1.7
52059	9	15	20	20	17	17	18	6	16	20	2.67	91.30%	57	22	56.72	0
52149	10	15	20	17	17	17	20	10	18	20	2.33	94.50%	74	81	85	3
52280	10	15	17	16	16	15	18	6	15	20	0	84.10%	91	63	77.04	2.3
52296	10	16	18	16	17	17	17	9	15	20	0	88.10%	90	74	82.83	2.8
52340	9	15	20	17	19	17	18	9	15	20	1.33	91.10%	91	85	88.64	3.3
52341	8	10	9	2	2	6	9	4	5	20	0	42.60%	47	6	28.85	0
52467	7	12	17	14	17	5	0	3	0	20	0	54.00%	43	25	40.19	0
52493	8	15	20	16	20	15	18	7	18	20	0	89.20%	90	70	81.68	2.7
52657	9	16	20	18	17	18	19	10	18	20	1	94.30%	77	73	82.33	2.8
52791	10	16	20	19	19	18	18	9	19	20	0	95.50%	76	55	75.38	2.2
52819	8	15	16	17	10	0	18	0	14	20	0	67.00%	85	79	75.42	2.2
52913	7	16	19	18	18	18	19	7	16	20	0	89.80%	93	95	92.51	3.7
53098	9	16	20	19	16	17	18	8	19	20	0	92.00%	98	96	94.82	3.8
53166	6	16	20	5	17	8	17	9	19	20	0	77.80%	82	81	79.94	2.6
53484	9	15	20	20	18	15	19	9	13	20	0	89.80%	93	77	85.31	3
53627	10	16	14	17	18	17	14	8	16	20	0	85.20%	90	64	77.69	2.4
53749	9	16	20	19	0	16	0	9	18	20	0	72.20%	92	89	82.86	2.8
53869	9	15	17	17	16	20	17	7	16	20	0	87.50%	92	93	90.6	3.5
53898	10	0	19	18	17	17	19	9	13	20	0	80.70%	76	40	63.47	1.2
53901	9	15	20	19	18	18	19	7	14	20	1.33	91.10%	97	90	91.84	3.6
53934	6	14	17	15	13	16	19	7	13	20	0	79.50%	85	39	64.42	1.2
54160	10	15	20	19	20	20	18	10	19	20	0	97.20%	93	97	96.26	3.9
54231	8	16	15	18	17	17	18	9	19	20	0	89.20%	94	83	87.68	3.2
54352	9	15	18	17	13	16	19	7	18	20	0	86.40%	94	95	91.35	3.5
54387	9	15	15	17	15	16	0	8	18	20	0	75.60%	73	57	67.63	1.5
54388	8	16	20	20	17	16	11	10	15	20	0	86.90%	96	83	87.17	3.2
54413	9	16	19	16	15	15	6	5	15	20	0	77.30%	76	75	76.11	2.2
54582	10	16	20	17	19	17	16	0	10	20	0	82.40%	70	30	58.95	0.8
54931	9	16	13	18	17	17	19	9	11	20	0	84.70%	91	84	85.66	3.1
55058	9	15	19	16	16	18	15	8	15	20	0	85.80%	90	83	85.52	3.1
55089	9	16	20	20	19	18	20	8	20	20	2	97.70%	92	97	96.29	3.9
55148	9	16	19	19	17	18	15	9	19	20	1	92.00%	86	96	92.42	3.7
55149	9	16	20	19	17	18	19	9	19	20	0	94.30%	82	89	89.73	3.4
55224	10	16	20	17	19	20	20	9	19	20	0	96.60%	88	100	96.24	3.9
55438	10	15	20	16	19	16	18	9	15	20	0.67	90.20%	86	77	84.06	2.9
55628	10	16	20	19	20	17	19	10	21	20	0.33	97.90%	96	92	95.17	3.9
55635	8	15	19	16	13	17	19	9	17	20	0	86.90%	69	59	72.17	1.9
55759	10	14	19	16	16	18	0	6	12	20	0	74.40%	75	53	65.97	1.4
55830	9	16	19	19	19	20	18	8	15	20	0	92.60%	82	77	84.25	3
55950	9	15	20	17	12	11	13	8	14	20	0	79.00%	62	46	62.39	1.1
56014	10	16	19	17	18	19	18	9	16	20	2	93.20%	79	83	86.27	3.1
56106	9	15	15	16	7	17	15	6	15	20	0	76.70%	71	55	66.88	1.5
56111	10	16	19	17	20	19	20	9	15	20	0	93.80%	77	84	86.5	3.1
56273	9	16	20	19	20	19	18	7	16	20	0	93.20%	98	88	92.07	3.6
56372	9	16	20	20	17	17	19	9	13	20	1.67	91.90%	89	82	87.34	3.2
56376	8	9	16	16	0	13	7	0	0	20	0	50.60%	43	0	28.83	0
56431	10	16	20	18	20	18	19	9	20	20	0	96.60%	95	81	90.04	3.5
56541	10	14	19	18	19	18	17	8	16	20	0	90.30%	95	67	81.94	2.8
56590	10	15	16	18	17	17	18	10	18	20	0	90.30%	93	60	78.74	2.5
56629	10	15	20	16	19	0	18	7	0	20	0.67	71.40%	76	43	60.96	0.9
56729	8	15	0	14	12	10	0	0	0	20	0	44.90%	53	0	28.55	0
56821	8	15	20	16	18	19	18	9	15	20	0	89.80%	82	78	83.51	2.9
56821	9	14	18	18	17	17	17	7	18	20	0	88.10%	74	71	78.43	2.4
56885	10	15	19	19	16	20	19	10	19	20	2.33	96.20%	92	74	86.48	3.1
56888	10	16	20	19	18	18	16	9	16	20	0.33	92.20%	71	47	69.89	1.7
57067	9	16	20	19	19	18	20	10	15	20	0	94.30%	97	91	93.53	3.8
57113	9	15	20	15	15	15	14	7	15	20	0	82.40%	78	66	74.95	2.1
57171	7	12	13	12	16	14	14	8	14	20	0	73.90%	56	81	73.15	2
57269	9	16	20	20	20	19	19	9	19	20	3	98.90%	91	85	91.75	3.6
57357	10	14	20	18	18	17	18	10	16	20	0.33	91.70%	91	83	88.07	3.3
57388	9	15	20	20	20	20	20	10	19	20	0	98.30%	101	94	97.12	4
57789	9	15	18	18	20	19	9	8	20	20	0	88.60%	92	88	89.05	3.4
58290	6	15	17	16	13	4	14	6	14	20	0	71.00%	80	71	72.81	2
58348	10	16	20	17	17	17	19	10	16	20	1.33	92.80%	93	92	92.52	3.7
58490	9	15	20	0	19	8	0	8	16	20	0	65.30%	65	43	56.34	0.5
58705	9	16	20	17	19	20	16	7	21	20	0	93.80%	79	62	78.1	2.4
58954	10	16	19	16	18	15	16	2	13	20	0	82.40%	64	54	67.35	1.5
58985	10	16	20	17	15	19	17	9	11	20	0	87.50%	69	37	63.6	1.2
58994	10	16	20	18	19	18	19	9	20	20	0	96.00%	90	96	94.81	3.8
59855	9	14	16	18	18	17	19	9	17	20	0	89.20%	91	77	84.68	3
59945	9	15	20	16	14	17	16	8	13	20	0	84.10%	70	41	64.04	1.2
60083	9	15	15	16	15	12	16	7	12	20	0	77.80%	85	66	74.54	2.1
60179	10	16	20	20	19	20	19	9	19	20	0	97.70%	98	99	98.29	4
60328	8	16	20	17	17	17	17	8	18	20	0	89.80%	97	93	92.51	3.7
60430	9	15	20	19	19	19	20	10	19	20	3	98.30%	98	100	98.92	4
60788	8	10	0	0	0	0	0	0	0	3	0	11.90%	0	0	4.77	0
60849	8	15	14	18	16	15	18	6	14	20	0	81.80%	92	89	86.73	3.2
61135	10	16	20	18	18	18	19	9	16	20	0	93.20%	97	73	85.87	3.1
61171	7	14	20	8	15	10	6	9	16	18	0	69.90%	77	64	68.95	1.6
61199	6	14	18	0	0	0	0	0	0	20	0	33.00%	58	7	27.58	0
61229	5	13	17	16	12	15	17	8	12	20	0	76.70%	74	53	66.68	1.4
61322	10	16	19	16	17	20	19	10	20	20	0	94.90%	94	91	93.15	3.7
61324	9	16	16	19	18	18	18	8	19	20	0	91.50%	88	77	84.99	3
61648	9	16	20	19	18	18	19	8	18	20	0	93.80%	94	95	94.3	3.8
61779	5	14	19	15	14	11	14	7	9	18	0	71.60%	73	73	72.44	1.9
62002	10	14	19	17	16	19	19	9	15	20	0	89.80%	94	81	87.11	3.2
62098	9	16	12	17	19	18	17	10	13	20	0	85.80%	85	73	80.52	2.6
62131	9	15	13	17	13	17	18	8	17	20	0	83.50%	87	76	81.21	2.7
62203	9	15	17	17	14	14	18	9	13	20	0	83.00%	89	72	79.78	2.6
62224	9	15	19	17	17	17	19	8	15	20	0	88.60%	81	79	83.25	2.9
62251	9	15	19	18	17	14	13	6	15	20	0.33	83.10%	65	52	67.06	1.5
62254	10	16	20	19	18	20	19	10	20	20	0	97.70%	100	86	93.49	3.8
62289	9	16	12	19	18	17	17	7	12	20	0	83.50%	72	53	69.01	1.6
62362	10	16	20	19	19	19	19	9	17	20	0	95.50%	100	96	96.58	3.9
62763	8	16	17	16	15	11	15	0	14	20	0	75.00%	57	26	51.8	0
63021	10	16	14	17	18	11	19	0	14	20	0	79.00%	66	42	61.59	1
63086	0	0	0	0	0	0	0	0	0	0	0	0.00%	59	0	11.8	0
63120	8	14	18	19	16	0	12	0	0	15	0	58.00%	92	89	77.18	2.3
63317	9	15	20	16	18	14	16	8	16	20	0	86.40%	85	76	81.95	2.8
63567	9	16	20	16	19	19	20	10	18	20	0	94.90%	80	77	84.75	3
63604	6	15	14	18	16	8	11	6	13	20	0	72.20%	77	62	69.06	1.6
63670	10	16	20	20	19	18	20	8	20	20	0	97.20%	100	101	99.26	4
63816	10	15	20	19	18	16	18	7	14	20	3	90.90%	71	53	71.76	1.9
63892	8	0	12	16	14	0	0	0	0	18	0	38.60%	58	0	27.05	0
63898	10	16	20	20	17	20	19	10	18	20	0	96.60%	96	94	95.44	3.9
64050	9	16	20	20	19	20	17	10	18	20	0	96.00%	97	91	94.21	3.8
64052	10	16	20	17	18	14	20	7	19	20	0	91.50%	72	61	75.39	2.2
64078	9	15	20	15	16	14	16	7	11	15	0	78.40%	63	61	68.36	1.6
64109	9	16	19	17	17	17	19	9	17	20	0	90.90%	77	64	77.36	2.4
64113	10	16	12	16	14	13	18	9	14	20	0	80.70%	75	72	76.07	2.2
64140	9	16	20	19	20	17	20	9	19	20	0	96.00%	86	73	84.81	3
64171	10	16	20	18	19	19	18	10	19	20	1	96.60%	90	85	90.64	3.5
64180	9	15	17	15	16	16	15	0	0	20	0	69.90%	93	75	76.55	2.3
64208	10	15	15	16	18	18	19	8	18	20	0	89.20%	91	79	85.48	3.1
64252	8	16	18	19	20	18	20	8	19	20	0	94.30%	75	70	80.73	2.6
64297	9	16	17	16	17	17	15	8	18	20	0	86.90%	93	76	83.77	2.9
64304	10	16	19	19	19	17	20	10	17	20	0	94.90%	100	86	92.35	3.6
64556	9	15	17	18	17	14	17	8	15	20	1	85.80%	85	68	78.52	2.5
64615	8	15	20	18	17	13	14	5	17	20	0	83.50%	63	0	46.01	0
65009	10	16	20	20	19	16	18	9	17	20	0	93.80%	79	81	85.7	3.1
65104	9	14	20	15	13	16	17	8	15	20	0	83.50%	86	84	84.21	2.9
65138	10	15	20	16	16	17	16	7	15	20	0	86.40%	73	63	74.35	2.1
65297	10	15	20	17	15	19	15	10	15	20	0	88.60%	74	70	78.25	2.4
65945	9	16	17	10	13	14	18	7	15	20	0	79.00%	79	59	70.99	1.8
66258	8	16	19	18	16	19	14	9	16	20	0	88.10%	69	42	65.83	1.4
66453	10	16	20	18	18	19	19	9	18	20	2.67	96.40%	84	76	85.76	3.1
66551	10	9	19	15	0	0	16	7	16	18	0	62.50%	65	58	61.2	1
66840	9	15	19	17	15	0	15	7	15	20	0	75.00%	79	73	75	2.2
66997	10	16	20	18	15	19	19	9	19	20	0	93.80%	69	55	73.3	2
67007	9	16	20	17	19	20	19	9	17	20	0	94.30%	89	96	93.93	3.8
67051	9	16	20	16	17	16	16	8	19	20	0.33	89.40%	93	86	88.76	3.3
67052	10	16	20	17	18	20	18	9	20	20	2.67	97.00%	96	98	97.19	4
67060	10	15	20	17	20	5	18	9	17	20	0	85.80%	95	89	88.92	3.4
67061	8	16	19	18	20	19	19	9	16	20	0	93.20%	91	84	89.07	3.4
67092	7	15	15	17	14	11	13	7	12	20	0	74.40%	85	75	76.77	2.3
67129	10	16	18	19	20	19	18	9	18	20	0	94.90%	97	94	94.95	3.9
67165	9	16	20	19	19	17	17	8	18	20	0.33	92.80%	94	85	89.92	3.4
67228	9	16	20	19	16	18	16	8	17	20	0	90.30%	87	70	81.54	2.7
67448	8	15	20	17	15	16	18	9	16	20	1	88.10%	79	70	79.03	2.5
67466	9	15	19	16	15	18	0	6	14	20	0	75.00%	94	82	81.6	2.7
67600	0	15	18	16	15	11	5	6	15	20	0	68.80%	74	67	69.1	1.6
67700	9	15	11	15	13	13	7	5	10	20	0	67.00%	72	41	57.62	0.7
67843	10	15	20	18	18	19	18	9	17	20	0	93.20%	94	94	93.67	3.8
67892	8	13	16	10	15	13	10	1	11	20	0	66.50%	74	66	67.79	1.5
67959	9	16	18	15	18	17	16	7	18	20	0	87.50%	99	90	90.8	3.5
67987	10	16	20	16	16	16	18	9	18	20	0	90.30%	94	78	86.14	3.1
68122	9	13	18	15	16	18	18	9	17	20	0.33	87.10%	97	79	85.85	3.1
68443	9	14	18	18	17	15	20	9	15	20	0	88.10%	72	61	74.03	2.1
68567	9	16	20	18	19	20	19	10	19	20	0	96.60%	101	98	98.04	4
68653	10	16	19	0	0	12	20	8	14	20	0.67	68.00%	74	62	66.8	1.4
68661	10	15	20	19	20	20	19	10	21	20	1.67	99.80%	98	101	99.92	4
68743	10	15	16	18	18	19	19	9	19	20	0	92.60%	97	99	96.05	3.9
68819	10	15	19	17	16	15	13	7	19	20	0	85.80%	85	88	86.52	3.1
68825	9	15	19	18	18	15	18	10	17	20	0	90.30%	94	93	92.14	3.6
68833	10	16	20	20	19	20	19	10	20	20	0	98.90%	98	100	99.15	4
68863	6	16	18	19	15	15	18	8	19	20	0	87.50%	92	85	87.4	3.2
68958	7	16	20	17	20	16	14	7	13	20	0	85.20%	87	81	83.89	2.9
68980	10	16	19	20	19	14	18	10	17	20	0	92.60%	92	85	89.45	3.4
69333	10	15	20	17	19	18	8	10	20	20	0	89.20%	93	96	92.68	3.7
69368	8	16	18	20	19	18	20	10	20	20	0	96.00%	77	48	73.01	2
69370	10	15	13	18	19	17	20	8	18	20	1	90.30%	93	71	83.14	2.9
69551	9	16	17	17	18	17	19	9	19	20	0.33	91.70%	93	66	81.67	2.7
69608	9	16	18	17	19	18	17	10	16	20	0	90.90%	89	95	92.16	3.6
69644	10	16	20	18	17	20	19	6	16	20	0	92.00%	100	74	86.42	3.1
69844	10	16	18	17	16	15	16	8	19	20	0	88.10%	96	87	89.23	3.4
69850	10	16	20	19	18	0	0	0	0	9	0	52.30%	0	0	20.91	0
69886	10	15	20	18	19	16	20	9	20	20	0	94.90%	93	91	92.95	3.7
69977	9	16	20	19	19	20	18	10	17	20	1.33	96.20%	77	63	79.08	2.5
70040	8	16	18	18	20	18	20	9	16	20	1	93.20%	83	94	91.47	3.6
70139	9	12	20	17	20	19	19	9	20	20	0	93.80%	83	84	87.7	3.3
70163	6	14	20	18	18	17	18	7	19	20	0	89.20%	99	80	87.48	3.2
70166	8	14	5	13	10	0	7	0	6	20	0	47.20%	82	64	60.86	0.9
70541	9	15	17	15	13	9	14	7	16	20	0	76.70%	66	73	73.08	2
70728	10	15	20	19	16	18	18	0	18	20	0	87.50%	100	94	92.6	3.7
70758	9	16	20	19	20	20	19	10	20	20	1.67	99.20%	99	93	96.7	3.9
71002	8	15	20	15	16	16	17	3	16	20	0	83.00%	70	42	63.98	1.2
71034	8	15	18	18	15	16	16	8	17	20	0	85.80%	80	50	70.32	1.7
71035	10	12	16	16	15	0	0	3	18	18	0	61.40%	83	65	67.15	1.5
71065	8	14	20	17	18	20	17	10	20	20	0	93.20%	78	86	87.27	3.2
71278	10	16	20	19	19	18	18	10	16	18	0	93.20%	98	81	89.27	3.4
71466	10	15	18	18	19	19	19	10	17	20	0	93.80%	95	90	92.5	3.7
71692	9	16	20	16	18	18	18	7	18	20	0	90.90%	94	99	94.76	3.8
71714	10	15	19	16	19	17	18	8	19	20	0.33	91.70%	100	87	91.47	3.6
71791	9	15	13	16	16	14	17	6	13	20	0	79.00%	86	81	81.19	2.7
71796	10	15	20	19	20	19	20	10	15	20	0	95.50%	98	97	96.58	3.9
72056	10	15	19	19	20	19	18	9	12	20	0	91.50%	91	79	86.39	3.1
72274	9	14	20	0	17	18	17	10	14	20	0	79.00%	70	80	77.59	2.4
72462	0	16	20	14	17	15	18	7	18	20	0	82.40%	93	82	84.35	3
72591	9	15	20	19	19	17	20	10	18	20	0	94.90%	90	90	91.95	3.6
72658	10	16	17	20	20	20	17	10	19	20	0	96.00%	79	75	84.21	2.9
72681	10	16	20	19	20	18	17	10	17	20	0	94.90%	88	88	90.75	3.5
72756	9	15	20	19	17	19	18	10	17	20	3	94.90%	95	84	90.55	3.5
72926	9	16	20	18	16	15	15	8	16	20	0	86.90%	81	79	82.57	2.8
73072	10	16	18	18	14	14	17	9	15	20	0	85.80%	90	64	77.92	2.4
73195	10	16	19	18	14	19	19	8	14	20	0	89.20%	81	75	81.88	2.7
73230	9	16	20	19	19	20	0	10	19	20	0	86.40%	92	101	93.35	4
73453	10	16	20	16	17	17	17	6	9	20	0	84.10%	80	61	74.04	2.1
73486	7	0	17	5	0	5	0	3	13	20	0.33	40.00%	47	28	36.58	0
73518	8	15	18	16	0	0	0	9	0	20	0	48.90%	78	75	65.15	1.3
73671	9	16	18	18	15	18	18	9	15	20	0	88.60%	92	93	91.05	3.5
73883	9	15	14	16	15	19	17	9	17	20	0	85.80%	91	89	88.12	3.3
74041	7	16	19	0	0	15	14	5	12	20	0.33	61.60%	81	72	69.62	1.7
74191	10	0	0	0	0	0	0	0	0	3	0	7.40%	0	0	2.95	0
74193	9	10	17	14	9	8	0	1	10	20	0	55.70%	81	55	60.47	0.9
74268	10	14	20	18	15	17	18	9	18	20	1	90.90%	66	88	84.76	3
74544	6	16	18	14	9	9	0	0	0	12	0	47.70%	90	87	71.89	1.9
74574	9	15	19	19	18	15	19	10	17	20	0	91.50%	87	90	89.99	3.4
74600	10	15	20	14	14	14	15	0	16	20	0	78.40%	99	91	87.56	3.2
74775	10	16	20	20	20	20	20	10	19	20	0	99.40%	86	64	82.57	2.8
74801	7	14	18	14	9	4	10	7	11	20	0	64.80%	75	60	64.91	1.3
74825	10	15	20	19	18	17	20	8	17	15	0	90.30%	87	74	83.14	2.9
74830	10	16	20	19	17	16	18	8	16	20	0	90.90%	84	83	86.36	3.1
74871	10	16	20	19	18	19	19	10	19	20	0	96.60%	99	89	94.04	3.8
74875	9	16	20	19	13	15	16	8	15	20	0	85.80%	80	62	75.12	2.2
75161	9	15	13	19	19	16	19	9	17	20	0	88.60%	84	68	79.45	2.5
75193	10	14	18	13	13	16	16	7	15	20	0.33	80.90%	65	47	64.15	1.2
75227	10	15	20	16	15	17	19	6	14	20	0.33	86.60%	84	83	84.62	3
75254	7	0	0	0	0	0	0	0	0	18	0	14.20%	73	30	32.28	0
75400	9	15	20	16	17	18	17	7	16	20	0	88.10%	78	68	78.03	2.4
75441	10	16	20	19	19	18	17	7	20	20	0	94.30%	94	65	82.53	2.8
75442	10	16	20	18	18	20	19	10	19	20	0	96.60%	94	92	94.24	3.8
75465	10	16	20	20	17	19	18	8	18	20	0	94.30%	96	87	91.73	3.6
75669	9	16	19	19	17	16	13	5	14	20	0	84.10%	66	44	64.44	1.2
75733	10	15	17	16	13	0	15	10	15	20	0	74.40%	65	61	67.17	1.5
75964	10	16	20	19	14	16	18	8	18	18	0	89.20%	100	86	90.08	3.5
75991	9	12	16	17	15	17	14	9	14	20	1.67	82.20%	73	50	67.48	1.5
76058	9	16	19	18	17	15	13	8	16	20	0	85.80%	84	56	73.52	2
76083	9	16	17	16	13	0	0	9	16	20	0	65.90%	61	27	49.36	0
76307	9	16	18	19	13	17	18	8	13	20	0	85.80%	80	80	82.32	2.8
76309	9	16	14	16	12	18	18	8	13	20	0	81.80%	86	66	76.33	2.3
76343	9	16	19	20	18	18	15	10	15	20	0	90.90%	79	59	75.76	2.2
76432	10	16	20	18	15	17	17	9	18	20	0	90.90%	98	91	92.36	3.6
76794	8	13	19	0	12	10	11	7	14	20	0	64.80%	65	42	55.71	0.5
76888	10	15	19	18	20	18	18	10	17	20	2.67	95.30%	93	94	94.31	3.8
76888	10	16	20	19	17	17	18	10	19	20	0	94.30%	90	77	86.53	3.1
76923	10	16	20	18	20	19	20	10	14	20	0	94.90%	96	89	92.75	3.7
76951	10	16	20	17	16	16	17	6	19	20	0	89.20%	93	87	89.08	3.4
76952	10	15	20	19	16	19	19	10	20	20	3	97.20%	93	81	89.86	3.4
76984	10	16	20	18	17	19	20	8	16	20	0	93.20%	93	91	92.27	3.6
77075	10	16	20	19	20	19	18	8	20	20	0	96.60%	101	89	94.44	3.8
77200	6	15	7	7	4	0	0	0	0	12	0	29.00%	0	0	11.59	0
77394	10	16	20	16	17	19	18	9	19	20	0	93.20%	84	74	83.67	2.9
77520	9	16	20	20	19	20	19	10	18	20	0.33	97.30%	96	95	96.14	3.9
77683	10	15	20	20	19	20	20	9	18	20	0	97.20%	89	77	87.46	3.2
77720	8	15	20	18	20	19	18	8	19	20	0	93.80%	76	81	85.1	3
77794	8	16	16	17	18	14	14	0	13	20	0	77.30%	89	81	81.11	2.7
77882	10	13	18	17	14	14	18	7	17	20	0	84.10%	99	91	89.84	3.4
77913	10	16	19	19	18	20	20	9	19	20	0	96.60%	97	94	95.64	3.9
78142	10	15	20	16	17	7	7	10	0	20	0	69.30%	81	68	71.13	1.8
78256	7	15	19	14	15	10	13	9	12	20	0	76.10%	84	66	73.65	2
78290	10	16	20	19	17	18	17	8	16	20	0	91.50%	88	82	86.99	3.2
78610	10	15	14	16	16	10	15	8	18	20	0	80.70%	85	90	85.27	3
78643	10	16	20	18	15	13	19	7	14	20	0	86.40%	95	77	84.35	3
78676	9	16	15	17	15	13	18	10	18	20	0	85.80%	79	89	85.72	3.1
78747	9	15	19	16	0	18	17	7	16	20	0.67	78.20%	79	71	75.49	2.2
78873	9	15	19	19	19	18	18	8	14	20	0	90.30%	87	77	84.34	3
78967	9	16	19	19	20	18	18	7	18	20	0	93.20%	90	86	89.67	3.4
79001	9	15	20	20	20	19	20	10	19	20	0	97.70%	101	93	96.49	3.9
79120	7	15	19	17	17	18	15	9	17	20	0	87.50%	76	82	83	2.8
79245	10	16	20	19	19	19	18	10	20	20	3	98.90%	94	87	93.15	3.7
79276	8	15	20	17	16	0	0	10	17	20	0	69.90%	99	94	85.35	3.8
79661	9	15	15	16	13	13	16	9	13	20	1.67	79.90%	75	74	76.57	2.3
79815	9	16	20	16	15	0	19	7	0	20	0.67	69.70%	96	89	82.68	2.8
79826	10	16	15	19	18	19	15	10	17	20	0	90.30%	68	78	80.94	2.7
79848	10	15	19	19	16	17	19	7	18	20	0	90.90%	97	86	90.16	3.5
79862	10	16	20	18	0	20	20	9	20	20	0	86.90%	94	86	87.97	3.3
79871	8	16	20	20	18	19	19	10	19	20	0	96.00%	90	85	90.41	3.5
79966	9	13	19	16	16	20	19	8	15	20	0	88.10%	91	74	83.03	2.8
80105	10	16	20	19	19	20	20	9	18	20	1.33	97.90%	92	80	89.57	3.4
80149	9	15	15	16	18	15	15	8	16	20	0	83.50%	85	73	79.61	2.6
80304	9	15	17	18	15	17	14	7	20	18	0	85.20%	82	79	82.09	2.8
80326	10	16	20	20	20	20	20	10	19	20	1.33	100.20%	95	83	92.28	3.6
80330	10	16	20	19	20	20	19	9	21	20	1	99.40%	98	93	96.57	3.9
80347	9	16	20	18	17	18	18	9	14	20	0	90.30%	86	70	81.34	2.7
80812	8	9	16	9	10	15	12	6	14	20	0	67.60%	63	68	66.85	1.4
80879	9	15	19	16	15	11	15	4	15	20	0	79.00%	93	79	81.79	2.7
80912	9	15	16	14	17	15	19	10	16	20	0	85.80%	79	59	73.72	2
80925	9	15	0	0	0	0	0	0	0	9	0	18.80%	58	0	19.1	0
80937	9	15	19	16	17	0	16	0	0	20	0	63.60%	81	62	66.45	1.4
81005	9	16	19	19	19	20	17	10	18	20	0	94.90%	81	84	87.75	3.3
81040	9	16	20	17	20	18	19	8	16	20	0	92.60%	83	72	82.45	2.8
81290	10	14	13	18	18	15	18	6	15	20	0	83.50%	76	53	69.81	1.7
81291	9	16	20	17	19	19	17	10	19	20	0.33	94.50%	86	89	90.6	3.5
81522	8	16	19	17	17	14	15	6	15	20	0	83.50%	81	60	73.61	2
81845	10	14	20	18	17	18	17	9	16	20	1	90.90%	92	90	90.76	3.5
81906	9	12	20	16	11	10	0	5	14	20	0	66.50%	38	34	47.79	0
81935	9	16	20	18	19	18	19	9	20	20	0	95.50%	101	100	98.38	4
82186	9	16	20	18	19	14	16	9	15	20	0	88.60%	80	64	77.05	2.3
82316	9	15	18	17	19	18	19	9	16	20	0	90.90%	91	92	91.36	3.5
82508	10	16	20	19	20	18	19	10	19	20	2	98.30%	86	87	91.32	3.5
82578	8	16	19	18	18	17	18	8	16	20	0.33	90.00%	95	91	91.38	3.5
82602	9	15	19	18	19	17	18	8	18	20	0	91.50%	92	89	90.59	3.5
82603	10	16	19	19	18	19	19	8	18	20	0	94.30%	101	93	95.13	3.9
82605	10	16	20	19	18	18	20	7	15	20	0	92.60%	79	44	70.45	1.8
82606	9	15	17	19	15	19	18	8	16	20	0.33	88.80%	99	87	90.13	3.5
82608	9	15	20	20	16	19	19	10	17	20	0	93.80%	85	91	90.9	3.5
82804	9	16	18	18	15	0	0	0	0	9	0	48.30%	84	34	49.72	0
82841	9	15	16	17	19	18	18	8	19	20	0	90.30%	88	84	87.34	3.2
82982	10	14	16	18	16	0	19	7	16	20	0	77.30%	90	76	79.31	2.5
82987	8	16	20	19	19	18	19	8	19	20	0.33	94.50%	87	76	85.6	3.1
83117	9	15	19	17	16	15	17	9	14	20	0	85.80%	89	82	84.92	3
83334	9	16	20	19	20	19	18	10	20	20	1	97.70%	91	86	91.69	3.6
83335	9	16	20	20	20	19	18	10	19	20	1	97.70%	94	91	94.29	3.8
83572	10	16	19	17	19	18	16	7	12	18	0	86.40%	87	75	81.95	2.8
83790	9	16	20	20	16	18	18	10	15	20	0	92.00%	80	74	82.42	2.8
83790	9	16	19	17	12	13	9	6	8	12	0	68.80%	74	65	68.3	1.6
83916	10	14	19	16	15	15	15	9	16	20	0	84.70%	93	92	89.26	3.4
83929	3	16	17	15	13	9	14	8	10	15	0	68.20%	88	70	72.87	2
84115	9	16	20	18	14	6	15	9	18	20	0	82.40%	80	62	73.75	2
84179	9	15	16	18	19	16	16	8	17	20	0	87.50%	85	84	85.6	3.1
84686	10	16	20	19	20	19	19	8	16	20	0	94.90%	97	98	96.55	3.9
84792	10	16	19	18	18	18	18	3	13	18	0	85.80%	88	63	77.12	2.3
84813	10	15	16	0	0	0	12	0	0	12	0	36.90%	57	39	41.77	0
84816	9	14	12	4	0	0	0	0	0	6	0	25.60%	34	9	20.63	0
84846	9	15	20	20	18	19	18	9	18	20	0.33	94.50%	90	85	89.8	3.4
84905	10	16	20	18	18	17	16	10	16	20	0	91.50%	82	85	86.99	3.2
84943	10	16	20	16	17	0	15	6	15	20	0	76.70%	87	66	74.48	2.1
84982	9	16	19	19	19	14	17	6	13	20	0	86.40%	74	78	80.55	2.6
85011	9	15	19	17	16	18	14	9	16	20	0	86.90%	78	82	83.17	2.9
85045	10	16	15	18	19	16	18	9	15	20	0	88.60%	85	87	87.25	3.2
85109	10	16	20	20	19	20	20	9	20	20	2.67	100.40%	91	98	97.55	4
85194	10	16	20	19	18	18	17	9	18	20	0	93.80%	68	61	75.5	2.2
85195	10	16	20	20	18	19	17	9	19	20	0	95.50%	81	78	85.58	3.1
85298	10	16	20	16	16	18	20	10	16	20	0	92.00%	94	83	88.82	3.3
85627	9	15	20	19	17	18	18	9	18	20	0	92.60%	92	88	90.65	3.5
85655	8	15	17	16	16	13	19	10	14	20	0	84.10%	85	86	85.04	3
85679	10	16	20	19	17	15	20	10	17	20	0	93.20%	95	86	90.67	3.5
85716	10	15	19	16	15	17	19	7	14	20	0	86.40%	87	88	87.15	3.2
85775	10	16	20	19	19	19	19	10	19	20	0	97.20%	86	93	93.26	3.7
85834	9	15	19	18	17	16	19	10	20	20	0	92.60%	86	66	80.65	2.6
85839	10	16	20	20	20	19	20	8	17	20	0	96.60%	94	88	92.64	3.7
85901	9	15	17	20	20	20	15	8	15	20	0	90.30%	89	87	88.74	3.3
86158	10	16	20	20	20	20	20	10	20	20	2.67	101.50%	101	93	98.01	4
86226	10	16	20	20	20	19	19	10	13	20	0	94.90%	101	101	98.55	4
86320	0	16	20	19	17	17	20	8	19	20	0	88.60%	92	90	89.85	3.4
86388	10	16	20	20	20	18	19	10	16	20	0	96.00%	99	89	93.81	3.8
86543	10	15	20	14	16	18	19	0	15	20	0	83.50%	89	84	84.81	3
86740	9	15	14	17	18	17	16	9	17	20	0	86.40%	88	67	78.95	2.5
86933	8	14	19	20	19	18	17	10	16	20	0	91.50%	70	30	62.59	1.1
86966	10	16	18	18	17	13	15	8	19	20	0	87.50%	93	85	87.6	3.2
86966	9	16	16	17	20	17	17	6	18	20	0	88.60%	86	84	86.25	3.1
87031	10	16	17	18	18	15	18	7	17	20	0	88.60%	75	86	84.85	3
87086	10	16	19	20	18	18	18	10	11	20	1.67	91.90%	78	61	76.74	2.3
87728	10	16	20	19	16	20	17	10	18	20	0	94.30%	93	88	91.53	3.6
87861	10	16	19	20	19	17	20	10	17	20	0	95.50%	93	89	92.38	3.6
87891	10	16	20	19	17	19	19	9	19	20	0	95.50%	78	64	79.38	2.5
87943	10	16	19	19	19	19	16	10	16	20	0	93.20%	87	83	87.87	3.3
87987	9	15	20	19	20	19	19	8	20	20	0	96.00%	95	91	93.81	3.8
88077	8	15	14	19	17	16	16	9	19	20	0	86.90%	77	77	80.97	2.7
88079	10	16	20	19	19	19	19	9	21	20	0.33	97.90%	99	91	95.37	3.9
88261	8	15	20	19	12	5	0	4	0	20	0	58.50%	71	0	37.61	0
88325	10	15	18	17	16	16	17	9	14	20	0	86.40%	78	77	80.95	2.7
88750	10	15	19	16	14	15	13	9	16	20	0.33	83.70%	73	75	78.08	2.4
88819	10	16	17	18	17	16	20	9	16	20	0	90.30%	92	75	84.54	3
88843	8	16	18	18	18	15	17	8	15	20	0.33	87.10%	77	74	79.85	2.6
89133	10	15	20	20	19	18	16	9	19	20	0	94.30%	79	81	85.93	3.1
89331	10	14	13	18	18	15	19	9	16	20	0	86.40%	92	76	83.35	2.9
89456	10	16	20	20	18	18	19	10	19	20	0.33	96.80%	101	95	96.91	4
89560	10	16	19	17	18	18	18	9	20	20	0	93.80%	83	78	85.3	3
89869	8	16	17	17	0	19	16	10	17	20	1.33	80.30%	95	74	80.72	2.6
89882	10	15	20	18	17	19	20	10	19	20	0	95.50%	89	92	92.78	3.7
89897	10	15	19	16	16	17	14	8	13	20	0	84.10%	67	53	68.24	1.6
89999	8	16	19	17	20	19	19	7	17	20	0.33	92.20%	67	86	84.69	3
90085	10	15	16	17	18	17	19	7	19	20	0	89.80%	96	95	93.11	3.7
90486	10	14	20	0	19	17	0	0	0	18	0	55.70%	67	4	37.27	0
90513	10	15	17	19	20	20	18	8	18	20	0	93.80%	95	87	91.3	3.5
90608	8	16	20	20	19	19	17	5	15	20	0	90.30%	72	54	72.14	1.9
91709	8	15	20	18	18	19	20	8	13	20	0	90.30%	98	84	89.34	3.4
91724	10	15	20	17	17	15	17	7	14	20	0	86.40%	89	83	85.55	3.1
91827	9	15	20	18	19	17	18	8	19	20	0	92.60%	91	80	87.25	3.2
91890	9	16	19	19	19	19	19	8	18	20	0	94.30%	94	70	84.53	3
91979	10	16	20	17	14	17	19	9	20	20	0	92.00%	88	77	85.22	3
91981	8	16	20	20	18	19	19	9	15	20	1	93.80%	71	74	81.3	2.7
91986	9	15	13	13	16	16	16	6	17	18	0	79.00%	91	69	77.39	2.4
92014	8	16	19	17	18	18	19	8	17	20	0	90.90%	85	91	89.76	3.4
92052	10	15	20	16	17	15	17	8	0	20	0	78.40%	85	51	68.76	1.6
92107	10	16	20	19	17	18	18	10	19	20	0	94.90%	95	95	94.95	3.9
92297	7	9	18	16	14	12	0	0	0	12	0	50.00%	67	0	33.4	0
92499	10	15	19	19	17	19	16	9	11	20	0	88.10%	76	41	66.83	1.4
92618	8	16	19	18	13	17	16	9	16	20	0	86.40%	76	62	74.55	2.1
92726	9	15	19	18	17	15	15	0	17	20	0	82.40%	92	81	83.75	2.9
92760	10	16	20	14	0	0	0	0	0	9	0	39.20%	58	0	27.28	0
92883	10	15	18	19	16	17	19	8	16	20	0	89.80%	78	88	86.71	3.2
93003	9	16	20	18	18	18	19	10	20	20	0	95.50%	95	98	96.38	3.9
93174	9	15	20	20	18	19	20	9	20	20	3	98.30%	100	91	95.72	3.9
93236	9	16	19	18	16	16	19	9	19	20	2.33	92.80%	90	65	81.12	2.7
93265	10	16	20	18	18	20	20	10	18	20	1	97.20%	96	94	95.66	3.9
93327	7	14	18	15	16	16	17	8	13	20	1	82.40%	96	89	87.75	3.3
93385	10	15	12	19	19	20	20	9	19	20	0	92.60%	89	92	91.65	3.6
93394	7	15	17	19	15	18	18	9	19	20	0	89.20%	82	72	80.88	2.7
93745	8	15	20	19	20	19	20	9	20	20	0	96.60%	98	98	97.44	4
93781	10	16	20	19	19	19	19	9	19	20	0	96.60%	92	80	89.04	3.4
93815	8	14	17	16	17	15	16	5	16	20	0	81.80%	93	82	84.13	2.9
93872	8	15	20	15	15	12	15	9	14	15	0	78.40%	91	83	82.76	2.8
93903	8	16	20	18	17	13	17	9	19	20	0.33	89.40%	94	82	87.36	3.2
93935	10	16	15	16	18	17	15	0	15	20	1.33	81.40%	84	68	76.58	2.3
94063	10	16	20	20	19	18	20	8	19	20	0	96.60%	93	88	92.44	3.7
94092	10	16	15	19	18	20	18	8	17	20	0	91.50%	89	90	90.39	3.5
94103	9	14	20	16	16	18	15	10	10	20	0	84.10%	90	87	86.44	3.1
94218	10	16	20	18	16	19	17	8	17	20	0	91.50%	96	95	93.79	3.8
94227	10	16	20	20	20	20	20	10	21	20	0	100.60%	86	90	93.43	3.7
94253	8	15	14	20	17	18	17	9	18	20	0	88.60%	94	87	89.05	3.4
94289	9	15	19	15	15	13	15	6	10	20	0	77.80%	89	70	76.94	2.3
94349	8	14	18	15	17	15	17	10	12	20	2	84.10%	84	61	74.84	2.1
94518	9	16	20	20	18	0	17	9	18	20	0	83.50%	68	33	60.21	0.9
94707	10	16	17	20	20	16	19	8	19	18	2	93.80%	90	86	89.9	3.4
94767	10	16	16	16	19	19	15	8	15	20	0	87.50%	81	79	82.8	2.8
94806	9	16	20	19	18	16	17	10	17	20	0	92.00%	94	92	92.42	3.7
94841	8	16	19	14	19	0	11	3	13	20	0	69.90%	91	89	81.75	2.7
94927	10	16	17	17	16	20	19	9	18	20	0	92.00%	93	83	88.62	3.3
94960	9	16	20	17	18	18	16	9	16	20	0	90.30%	78	79	83.34	2.9
95118	10	15	20	18	18	20	19	8	19	20	0	94.90%	93	89	92.15	3.6
95181	5	10	18	18	17	12	0	0	15	20	0	65.30%	42	52	55.34	0
95353	10	15	20	18	20	20	18	10	19	20	0.33	96.80%	93	92	94.11	3.8
95542	9	16	20	15	16	18	15	9	12	12	0	80.70%	82	66	75.07	2.2
95565	7	16	12	15	11	13	17	6	11	20	0	72.70%	72	62	68.29	1.6
95636	10	15	20	16	19	15	16	7	14	20	0	86.40%	96	83	86.95	3.2
95699	9	14	19	17	16	12	19	9	18	20	0	86.90%	99	86	88.97	3.4
95831	9	16	20	19	18	18	19	10	14	20	0	92.60%	69	67	77.65	2.4
95855	9	15	14	16	15	16	17	6	13	20	0	80.10%	88	65	75.65	2.2
95997	9	16	19	16	19	15	19	9	20	20	0	92.00%	79	66	79.02	2.5
96111	9	15	17	16	16	17	17	9	16	20	0	86.40%	69	76	78.75	2.5
96406	10	15	20	17	20	19	16	8	14	20	0	90.30%	94	85	88.94	3.4
96603	10	14	18	12	0	14	14	9	15	20	0	71.60%	70	42	59.44	0.8
96660	10	0	19	14	16	13	16	2	11	15	0	65.90%	81	74	72.16	1.9
96691	10	16	20	19	15	20	19	10	20	20	0	96.00%	101	101	99.01	4
96782	8	15	18	17	20	11	17	7	19	20	2.67	87.90%	95	96	92.55	3.7
96824	9	16	20	20	20	20	16	9	21	20	0	97.20%	93	75	87.46	3.2
97274	9	14	20	17	18	13	19	10	19	20	0.67	90.70%	94	94	92.69	3.7
97534	9	16	15	18	17	16	15	10	18	20	1.33	88.30%	85	71	80.7	2.6
97558	9	16	20	18	18	18	17	7	20	20	0	92.60%	89	92	91.65	3.6
97619	10	15	20	18	19	18	18	10	17	20	0	93.80%	90	89	91.1	3.5
97944	8	15	19	16	17	18	17	9	16	20	0	88.10%	88	91	89.23	3.4
97971	10	16	20	18	18	20	19	10	16	20	3	96.60%	96	91	94.24	3.8
98004	10	16	20	15	17	17	19	8	16	20	0	89.80%	82	74	81.91	2.8
98232	8	16	15	19	18	14	19	9	20	20	0	89.80%	92	86	88.71	3.3
98296	10	15	18	17	12	17	16	7	0	20	0	75.00%	64	16	49.2	0
98322	8	15	19	17	16	17	18	9	14	20	0.33	87.10%	92	68	80.45	2.6
98352	10	14	12	19	17	17	18	9	17	20	0	86.90%	86	83	85.17	3
98390	9	16	19	16	16	16	0	0	0	12	0	59.10%	86	52	61.64	1
98452	8	15	19	14	14	15	18	9	17	20	1	85.20%	88	67	78.49	2.5
98588	9	15	20	17	17	0	14	4	4	20	0	68.20%	55	21	46.67	0
98713	10	16	20	19	18	20	18	9	19	20	0	96.00%	97	94	95.41	3.9
99055	7	14	15	12	10	10	8	6	10	20	0	63.60%	72	82	72.65	2
99128	9	16	17	18	14	17	17	9	14	20	0	85.80%	87	88	86.92	3.2
99129	10	16	20	20	18	19	20	8	17	20	0	95.50%	89	93	93.18	3.7
99289	10	16	20	18	18	20	17	7	0	15	0	80.10%	76	38	62.45	1.1
99346	10	16	18	18	18	20	15	8	15	20	3	91.50%	90	49	74.19	2.1